{
    "accuracy": 0.8222853535353535,
    "loss": 0.5092804564370049
}