{
    "accuracy": 0.7881944444444444,
    "loss": 0.4412590199046665
}