{
    "loss": 1.3142984178331163,
    "accuracy": 0.7518939393939394
}