{
    "loss": 1.5724946922726102,
    "accuracy": 0.8118686868686869
}