{
    "accuracy": 0.8273358585858586,
    "loss": 0.4785261270072725
}